<?xml version="1.0"?>
<demos>
  <demoitem>
    <source>PreviewWebcamImageExample</source>
    <type>live</type>
    <metadata>ex26894213</metadata>
    <sandboxPublished reasons="hardware not-runnable"/>
    <product>matlab</product>
    <product>usbwebcams</product>
  </demoitem>
  <demoitem>
    <source>PreviewWebcamImageWithCustomWindowExample</source>
    <type>live</type>
    <metadata>ex32357874</metadata>
    <sandboxPublished reasons="hardware not-runnable"/>
    <product>matlab</product>
    <product>usbwebcams</product>
  </demoitem>
</demos>
